<files>
<CRS_TZ>UTC</CRS_TZ>
<session_TZ>UTC</session_TZ>
<system_TZ>Coordinated Universal Time</system_TZ>
<file>
<file_name>/u01/app/grid/diag/crs/autp-hroradb-utzrk1/crs/trace/alert.log</file_name>
<file_type>CRS Alert Log</file_type>
<size>327410</size>
<database></database>
<cluster>null</cluster>
<instance></instance>
<component>CRS</component>
<base_directory>/u01/app/grid/diag/crs/autp-hroradb-utzrk1/crs/trace</base_directory>
<last_modified>Mon Apr 12 13:21:42 UTC 2021</last_modified>
<hostname>autp-hroradb-utzrk1</hostname>
<lines>1000</lines>
<first_timestamp>Tue Jun 30 16:10:37 UTC 2020</first_timestamp>
<last_timestamp>Mon Apr 12 08:21:42 UTC 2021</last_timestamp>
<sampling_rows_first>1</sampling_rows_first>
<sampling_rows_last>-1</sampling_rows_last>
<date_pattern>\d{4}-\d{2}-\d{2}\s\d{2}:\d{2}:\d{2}\.\d{3}</date_pattern>
<sample_size>-1</sample_size>
<use_df_only>false</use_df_only>
<keep_header_lines>0</keep_header_lines>
</file>
<file>
<file_name>/u01/app/grid/diag/crs/autp-hroradb-utzrk1/crs/trace/crsctl_162578.trc</file_name>
<file_type>CRSCTL (Client) Log</file_type>
<size>820</size>
<database></database>
<cluster>null</cluster>
<instance></instance>
<component>CRS</component>
<base_directory>/u01/app/grid/diag/crs/autp-hroradb-utzrk1/crs/trace</base_directory>
<last_modified>Mon Apr 12 16:38:07 UTC 2021</last_modified>
<hostname>autp-hroradb-utzrk1</hostname>
<lines>10</lines>
<first_timestamp>null</first_timestamp>
<last_timestamp>null</last_timestamp>
<sampling_rows_first>-1</sampling_rows_first>
<sampling_rows_last>-1</sampling_rows_last>
<date_pattern>null</date_pattern>
<sample_size>-1</sample_size>
<use_df_only>false</use_df_only>
<keep_header_lines>0</keep_header_lines>
</file>
<file>
<file_name>/u01/app/grid/diag/crs/autp-hroradb-utzrk1/crs/trace/crsctl_390052.trc</file_name>
<file_type>CRSCTL (Client) Log</file_type>
<size>820</size>
<database></database>
<cluster>null</cluster>
<instance></instance>
<component>CRS</component>
<base_directory>/u01/app/grid/diag/crs/autp-hroradb-utzrk1/crs/trace</base_directory>
<last_modified>Mon Apr 12 16:01:35 UTC 2021</last_modified>
<hostname>autp-hroradb-utzrk1</hostname>
<lines>10</lines>
<first_timestamp>null</first_timestamp>
<last_timestamp>null</last_timestamp>
<sampling_rows_first>-1</sampling_rows_first>
<sampling_rows_last>-1</sampling_rows_last>
<date_pattern>null</date_pattern>
<sample_size>-1</sample_size>
<use_df_only>false</use_df_only>
<keep_header_lines>0</keep_header_lines>
</file>
<file>
<file_name>/u01/app/grid/diag/crs/autp-hroradb-utzrk1/crs/trace/crsctl_85563.trc</file_name>
<file_type>CRSCTL (Client) Log</file_type>
<size>819</size>
<database></database>
<cluster>null</cluster>
<instance></instance>
<component>CRS</component>
<base_directory>/u01/app/grid/diag/crs/autp-hroradb-utzrk1/crs/trace</base_directory>
<last_modified>Mon Apr 12 16:21:44 UTC 2021</last_modified>
<hostname>autp-hroradb-utzrk1</hostname>
<lines>10</lines>
<first_timestamp>null</first_timestamp>
<last_timestamp>null</last_timestamp>
<sampling_rows_first>-1</sampling_rows_first>
<sampling_rows_last>-1</sampling_rows_last>
<date_pattern>null</date_pattern>
<sample_size>-1</sample_size>
<use_df_only>false</use_df_only>
<keep_header_lines>0</keep_header_lines>
</file>
<file>
<file_name>/u01/app/grid/diag/crs/autp-hroradb-utzrk1/crs/trace/crsd.trc</file_name>
<file_type>CRSD Log</file_type>
<size>621980</size>
<database></database>
<cluster>null</cluster>
<instance></instance>
<component>CRS</component>
<base_directory>/u01/app/grid/diag/crs/autp-hroradb-utzrk1/crs/trace</base_directory>
<last_modified>Mon Apr 12 16:54:52 UTC 2021</last_modified>
<hostname>autp-hroradb-utzrk1</hostname>
<lines>1000</lines>
<first_timestamp>Mon Apr 12 16:51:02 UTC 2021</first_timestamp>
<last_timestamp>Mon Apr 12 16:54:52 UTC 2021</last_timestamp>
<sampling_rows_first>5</sampling_rows_first>
<sampling_rows_last>-1</sampling_rows_last>
<date_pattern>\d{4}-\d{2}-\d{2}\s\d{2}:\d{2}:\d{2}</date_pattern>
<sample_size>-1</sample_size>
<use_df_only>false</use_df_only>
<keep_header_lines>0</keep_header_lines>
</file>
<file>
<file_name>/u01/app/grid/diag/crs/autp-hroradb-utzrk1/crs/trace/crsd_1072.trc</file_name>
<file_type>CRSD Log</file_type>
<size>26215451</size>
<database></database>
<cluster>null</cluster>
<instance></instance>
<component>CRS</component>
<base_directory>/u01/app/grid/diag/crs/autp-hroradb-utzrk1/crs/trace</base_directory>
<last_modified>Mon Apr 12 16:51:02 UTC 2021</last_modified>
<hostname>autp-hroradb-utzrk1</hostname>
<lines>1000</lines>
<first_timestamp>Mon Apr 12 08:48:02 UTC 2021</first_timestamp>
<last_timestamp>Mon Apr 12 16:51:02 UTC 2021</last_timestamp>
<sampling_rows_first>5</sampling_rows_first>
<sampling_rows_last>-1</sampling_rows_last>
<date_pattern>\d{4}-\d{2}-\d{2}\s\d{2}:\d{2}:\d{2}</date_pattern>
<sample_size>-1</sample_size>
<use_df_only>false</use_df_only>
<keep_header_lines>0</keep_header_lines>
</file>
<file>
<file_name>/u01/app/grid/diag/crs/autp-hroradb-utzrk1/crs/trace/crsd_jagent_grid.trc</file_name>
<file_type>CRSD JAgent Log/Trace_copy</file_type>
<size>5404116</size>
<database></database>
<cluster>null</cluster>
<instance></instance>
<component>CRS</component>
<base_directory>/u01/app/grid/diag/crs/autp-hroradb-utzrk1/crs/trace</base_directory>
<last_modified>Mon Apr 12 16:54:40 UTC 2021</last_modified>
<hostname>autp-hroradb-utzrk1</hostname>
<lines>1000</lines>
<first_timestamp>Thu Apr 08 19:15:09 UTC 2021</first_timestamp>
<last_timestamp>Mon Apr 12 16:54:40 UTC 2021</last_timestamp>
<sampling_rows_first>5</sampling_rows_first>
<sampling_rows_last>-1</sampling_rows_last>
<date_pattern>\d{4}-\d{2}-\d{2}\s\d{2}:\d{2}:\d{2}\.\d{3}</date_pattern>
<sample_size>-1</sample_size>
<use_df_only>false</use_df_only>
<keep_header_lines>0</keep_header_lines>
</file>
<file>
<file_name>/u01/app/grid/diag/crs/autp-hroradb-utzrk1/crs/trace/crsd_oraagent_grid.trc</file_name>
<file_type>CRSD User Agent Log</file_type>
<size>20880863</size>
<database></database>
<cluster>null</cluster>
<instance></instance>
<component>CRS</component>
<base_directory>/u01/app/grid/diag/crs/autp-hroradb-utzrk1/crs/trace</base_directory>
<last_modified>Mon Apr 12 16:54:51 UTC 2021</last_modified>
<hostname>autp-hroradb-utzrk1</hostname>
<lines>1000</lines>
<first_timestamp>Sun Apr 11 09:11:26 UTC 2021</first_timestamp>
<last_timestamp>Mon Apr 12 16:54:51 UTC 2021</last_timestamp>
<sampling_rows_first>5</sampling_rows_first>
<sampling_rows_last>-1</sampling_rows_last>
<date_pattern>\d{4}-\d{2}-\d{2}\s\d{2}:\d{2}:\d{2}</date_pattern>
<sample_size>-1</sample_size>
<use_df_only>false</use_df_only>
<keep_header_lines>0</keep_header_lines>
</file>
<file>
<file_name>/u01/app/grid/diag/crs/autp-hroradb-utzrk1/crs/trace/crsd_oraagent_oracle.trc</file_name>
<file_type>CRSD User Agent Log</file_type>
<size>22532261</size>
<database></database>
<cluster>null</cluster>
<instance></instance>
<component>CRS</component>
<base_directory>/u01/app/grid/diag/crs/autp-hroradb-utzrk1/crs/trace</base_directory>
<last_modified>Mon Apr 12 16:54:48 UTC 2021</last_modified>
<hostname>autp-hroradb-utzrk1</hostname>
<lines>1000</lines>
<first_timestamp>Sat Apr 10 18:02:19 UTC 2021</first_timestamp>
<last_timestamp>Mon Apr 12 16:54:48 UTC 2021</last_timestamp>
<sampling_rows_first>5</sampling_rows_first>
<sampling_rows_last>-1</sampling_rows_last>
<date_pattern>\d{4}-\d{2}-\d{2}\s\d{2}:\d{2}:\d{2}</date_pattern>
<sample_size>-1</sample_size>
<use_df_only>false</use_df_only>
<keep_header_lines>0</keep_header_lines>
</file>
<file>
<file_name>/u01/app/grid/diag/crs/autp-hroradb-utzrk1/crs/trace/crsd_orarootagent_root.trc</file_name>
<file_type>CRSD Root Agent Log</file_type>
<size>3134002</size>
<database></database>
<cluster>null</cluster>
<instance></instance>
<component>CRS</component>
<base_directory>/u01/app/grid/diag/crs/autp-hroradb-utzrk1/crs/trace</base_directory>
<last_modified>Mon Apr 12 16:54:40 UTC 2021</last_modified>
<hostname>autp-hroradb-utzrk1</hostname>
<lines>1000</lines>
<first_timestamp>Sat Apr 03 21:36:07 UTC 2021</first_timestamp>
<last_timestamp>Mon Apr 12 16:54:40 UTC 2021</last_timestamp>
<sampling_rows_first>5</sampling_rows_first>
<sampling_rows_last>-1</sampling_rows_last>
<date_pattern>\d{4}-\d{2}-\d{2}\s\d{2}:\d{2}:\d{2}</date_pattern>
<sample_size>-1</sample_size>
<use_df_only>false</use_df_only>
<keep_header_lines>0</keep_header_lines>
</file>
<file>
<file_name>/u01/app/grid/diag/crs/autp-hroradb-utzrk1/crs/trace/diskmon.trc</file_name>
<file_type>DISKMON log</file_type>
<size>10955982</size>
<database></database>
<cluster>null</cluster>
<instance></instance>
<component>CRS</component>
<base_directory>/u01/app/grid/diag/crs/autp-hroradb-utzrk1/crs/trace</base_directory>
<last_modified>Mon Apr 12 16:54:49 UTC 2021</last_modified>
<hostname>autp-hroradb-utzrk1</hostname>
<lines>1000</lines>
<first_timestamp>Fri Apr 09 05:52:42 UTC 2021</first_timestamp>
<last_timestamp>Mon Apr 12 16:54:49 UTC 2021</last_timestamp>
<sampling_rows_first>5</sampling_rows_first>
<sampling_rows_last>-1</sampling_rows_last>
<date_pattern>\d{4}-\d{2}-\d{2}\s\d{2}:\d{2}:\d{2}\.\d{3}</date_pattern>
<sample_size>-1</sample_size>
<use_df_only>false</use_df_only>
<keep_header_lines>0</keep_header_lines>
</file>
<file>
<file_name>/u01/app/grid/diag/crs/autp-hroradb-utzrk1/crs/trace/evmd.trc</file_name>
<file_type>EVMD Log</file_type>
<size>1898258</size>
<database></database>
<cluster>null</cluster>
<instance></instance>
<component>CRS</component>
<base_directory>/u01/app/grid/diag/crs/autp-hroradb-utzrk1/crs/trace</base_directory>
<last_modified>Mon Apr 12 16:54:51 UTC 2021</last_modified>
<hostname>autp-hroradb-utzrk1</hostname>
<lines>1000</lines>
<first_timestamp>Sat Apr 10 19:56:59 UTC 2021</first_timestamp>
<last_timestamp>Mon Apr 12 16:54:51 UTC 2021</last_timestamp>
<sampling_rows_first>5</sampling_rows_first>
<sampling_rows_last>-1</sampling_rows_last>
<date_pattern>\d{4}-\d{2}-\d{2}\s\d{2}:\d{2}:\d{2}</date_pattern>
<sample_size>-1</sample_size>
<use_df_only>false</use_df_only>
<keep_header_lines>0</keep_header_lines>
</file>
<file>
<file_name>/u01/app/grid/diag/crs/autp-hroradb-utzrk1/crs/trace/gipcd.trc</file_name>
<file_type>GIPCD Log</file_type>
<size>18482448</size>
<database></database>
<cluster>null</cluster>
<instance></instance>
<component>CRS</component>
<base_directory>/u01/app/grid/diag/crs/autp-hroradb-utzrk1/crs/trace</base_directory>
<last_modified>Mon Apr 12 16:54:53 UTC 2021</last_modified>
<hostname>autp-hroradb-utzrk1</hostname>
<lines>1000</lines>
<first_timestamp>Sat Apr 10 23:18:38 UTC 2021</first_timestamp>
<last_timestamp>Mon Apr 12 16:54:53 UTC 2021</last_timestamp>
<sampling_rows_first>5</sampling_rows_first>
<sampling_rows_last>-1</sampling_rows_last>
<date_pattern>\d{4}-\d{2}-\d{2}\s\d{2}:\d{2}:\d{2}</date_pattern>
<sample_size>-1</sample_size>
<use_df_only>false</use_df_only>
<keep_header_lines>0</keep_header_lines>
</file>
<file>
<file_name>/u01/app/grid/diag/crs/autp-hroradb-utzrk1/crs/trace/gpnpd.trc</file_name>
<file_type>GPNPD Log</file_type>
<size>10422173</size>
<database></database>
<cluster>null</cluster>
<instance></instance>
<component>CRS</component>
<base_directory>/u01/app/grid/diag/crs/autp-hroradb-utzrk1/crs/trace</base_directory>
<last_modified>Mon Apr 12 16:54:39 UTC 2021</last_modified>
<hostname>autp-hroradb-utzrk1</hostname>
<lines>1000</lines>
<first_timestamp>Thu Mar 18 07:05:31 UTC 2021</first_timestamp>
<last_timestamp>Mon Apr 12 16:54:39 UTC 2021</last_timestamp>
<sampling_rows_first>5</sampling_rows_first>
<sampling_rows_last>-1</sampling_rows_last>
<date_pattern>\d{4}-\d{2}-\d{2}\s\d{2}:\d{2}:\d{2}</date_pattern>
<sample_size>-1</sample_size>
<use_df_only>false</use_df_only>
<keep_header_lines>0</keep_header_lines>
</file>
<file>
<file_name>/u01/app/grid/diag/crs/autp-hroradb-utzrk1/crs/trace/ocssd.trc</file_name>
<file_type>CSS (ocssd) Log</file_type>
<size>20154989</size>
<database></database>
<cluster>null</cluster>
<instance></instance>
<component>CRS</component>
<base_directory>/u01/app/grid/diag/crs/autp-hroradb-utzrk1/crs/trace</base_directory>
<last_modified>Mon Apr 12 16:54:50 UTC 2021</last_modified>
<hostname>autp-hroradb-utzrk1</hostname>
<lines>1000</lines>
<first_timestamp>Mon Apr 12 12:26:39 UTC 2021</first_timestamp>
<last_timestamp>Mon Apr 12 16:54:50 UTC 2021</last_timestamp>
<sampling_rows_first>5</sampling_rows_first>
<sampling_rows_last>-1</sampling_rows_last>
<date_pattern>\d{4}-\d{2}-\d{2}\s\d{2}:\d{2}:\d{2}</date_pattern>
<sample_size>-1</sample_size>
<use_df_only>false</use_df_only>
<keep_header_lines>0</keep_header_lines>
</file>
<file>
<file_name>/u01/app/grid/diag/crs/autp-hroradb-utzrk1/crs/trace/octssd.trc</file_name>
<file_type>CTSSD Log</file_type>
<size>22405136</size>
<database></database>
<cluster>null</cluster>
<instance></instance>
<component>CRS</component>
<base_directory>/u01/app/grid/diag/crs/autp-hroradb-utzrk1/crs/trace</base_directory>
<last_modified>Mon Apr 12 16:54:39 UTC 2021</last_modified>
<hostname>autp-hroradb-utzrk1</hostname>
<lines>1000</lines>
<first_timestamp>Sat Apr 03 22:30:00 UTC 2021</first_timestamp>
<last_timestamp>Mon Apr 12 16:54:39 UTC 2021</last_timestamp>
<sampling_rows_first>5</sampling_rows_first>
<sampling_rows_last>-1</sampling_rows_last>
<date_pattern>\d{4}-\d{2}-\d{2}\s\d{2}:\d{2}:\d{2}</date_pattern>
<sample_size>-1</sample_size>
<use_df_only>false</use_df_only>
<keep_header_lines>0</keep_header_lines>
</file>
<file>
<file_name>/u01/app/grid/diag/crs/autp-hroradb-utzrk1/crs/trace/ohasd.trc</file_name>
<file_type>OHASD Log</file_type>
<size>20964961</size>
<database></database>
<cluster>null</cluster>
<instance></instance>
<component>CRS</component>
<base_directory>/u01/app/grid/diag/crs/autp-hroradb-utzrk1/crs/trace</base_directory>
<last_modified>Mon Apr 12 16:54:51 UTC 2021</last_modified>
<hostname>autp-hroradb-utzrk1</hostname>
<lines>1000</lines>
<first_timestamp>Sat Apr 10 01:04:56 UTC 2021</first_timestamp>
<last_timestamp>Mon Apr 12 16:54:51 UTC 2021</last_timestamp>
<sampling_rows_first>5</sampling_rows_first>
<sampling_rows_last>-1</sampling_rows_last>
<date_pattern>\d{4}-\d{2}-\d{2}\s\d{2}:\d{2}:\d{2}</date_pattern>
<sample_size>-1</sample_size>
<use_df_only>false</use_df_only>
<keep_header_lines>0</keep_header_lines>
</file>
<file>
<file_name>/u01/app/grid/diag/crs/autp-hroradb-utzrk1/crs/trace/ohasd_cssdagent_root.trc</file_name>
<file_type>CSSD Agent Log (OHASD)</file_type>
<size>649680</size>
<database></database>
<cluster>null</cluster>
<instance></instance>
<component>CRS</component>
<base_directory>/u01/app/grid/diag/crs/autp-hroradb-utzrk1/crs/trace</base_directory>
<last_modified>Mon Apr 12 16:54:26 UTC 2021</last_modified>
<hostname>autp-hroradb-utzrk1</hostname>
<lines>1000</lines>
<first_timestamp>Sun Apr 11 14:39:26 UTC 2021</first_timestamp>
<last_timestamp>Mon Apr 12 16:54:26 UTC 2021</last_timestamp>
<sampling_rows_first>5</sampling_rows_first>
<sampling_rows_last>-1</sampling_rows_last>
<date_pattern>\d{4}-\d{2}-\d{2}\s\d{2}:\d{2}:\d{2}</date_pattern>
<sample_size>-1</sample_size>
<use_df_only>false</use_df_only>
<keep_header_lines>0</keep_header_lines>
</file>
<file>
<file_name>/u01/app/grid/diag/crs/autp-hroradb-utzrk1/crs/trace/ohasd_cssdmonitor_root.trc</file_name>
<file_type>CSSD Monitor Log (OHASD)</file_type>
<size>3066786</size>
<database></database>
<cluster>null</cluster>
<instance></instance>
<component>CRS</component>
<base_directory>/u01/app/grid/diag/crs/autp-hroradb-utzrk1/crs/trace</base_directory>
<last_modified>Mon Apr 12 16:54:45 UTC 2021</last_modified>
<hostname>autp-hroradb-utzrk1</hostname>
<lines>1000</lines>
<first_timestamp>Wed Apr 07 13:33:44 UTC 2021</first_timestamp>
<last_timestamp>Mon Apr 12 16:54:45 UTC 2021</last_timestamp>
<sampling_rows_first>5</sampling_rows_first>
<sampling_rows_last>-1</sampling_rows_last>
<date_pattern>\d{4}-\d{2}-\d{2}\s\d{2}:\d{2}:\d{2}</date_pattern>
<sample_size>-1</sample_size>
<use_df_only>false</use_df_only>
<keep_header_lines>0</keep_header_lines>
</file>
<file>
<file_name>/u01/app/grid/diag/crs/autp-hroradb-utzrk1/crs/trace/ohasd_oraagent_grid.trc</file_name>
<file_type>OHASD User Agent Log</file_type>
<size>25013898</size>
<database></database>
<cluster>null</cluster>
<instance></instance>
<component>CRS</component>
<base_directory>/u01/app/grid/diag/crs/autp-hroradb-utzrk1/crs/trace</base_directory>
<last_modified>Mon Apr 12 16:54:51 UTC 2021</last_modified>
<hostname>autp-hroradb-utzrk1</hostname>
<lines>1000</lines>
<first_timestamp>Mon Apr 12 05:12:12 UTC 2021</first_timestamp>
<last_timestamp>Mon Apr 12 16:54:51 UTC 2021</last_timestamp>
<sampling_rows_first>5</sampling_rows_first>
<sampling_rows_last>-1</sampling_rows_last>
<date_pattern>\d{4}-\d{2}-\d{2}\s\d{2}:\d{2}:\d{2}</date_pattern>
<sample_size>-1</sample_size>
<use_df_only>false</use_df_only>
<keep_header_lines>0</keep_header_lines>
</file>
<file>
<file_name>/u01/app/grid/diag/crs/autp-hroradb-utzrk1/crs/trace/ohasd_orarootagent_root.trc</file_name>
<file_type>OHASD Root Agent Log</file_type>
<size>25726548</size>
<database></database>
<cluster>null</cluster>
<instance></instance>
<component>CRS</component>
<base_directory>/u01/app/grid/diag/crs/autp-hroradb-utzrk1/crs/trace</base_directory>
<last_modified>Mon Apr 12 16:54:52 UTC 2021</last_modified>
<hostname>autp-hroradb-utzrk1</hostname>
<lines>1000</lines>
<first_timestamp>Sun Apr 11 10:06:00 UTC 2021</first_timestamp>
<last_timestamp>Mon Apr 12 16:54:52 UTC 2021</last_timestamp>
<sampling_rows_first>5</sampling_rows_first>
<sampling_rows_last>-1</sampling_rows_last>
<date_pattern>\d{4}-\d{2}-\d{2}\s\d{2}:\d{2}:\d{2}</date_pattern>
<sample_size>-1</sample_size>
<use_df_only>false</use_df_only>
<keep_header_lines>0</keep_header_lines>
</file>
<file>
<file_name>/u01/app/grid/diag/crs/autp-hroradb-utzrk1/crs/trace/ologgerd.trc</file_name>
<file_type>CRFLOGD (ologgerd) Log</file_type>
<size>25813632</size>
<database></database>
<cluster>null</cluster>
<instance></instance>
<component>CRS</component>
<base_directory>/u01/app/grid/diag/crs/autp-hroradb-utzrk1/crs/trace</base_directory>
<last_modified>Mon Apr 12 16:54:49 UTC 2021</last_modified>
<hostname>autp-hroradb-utzrk1</hostname>
<lines>1000</lines>
<first_timestamp>null</first_timestamp>
<last_timestamp>null</last_timestamp>
<sampling_rows_first>-1</sampling_rows_first>
<sampling_rows_last>-1</sampling_rows_last>
<date_pattern>null</date_pattern>
<sample_size>-1</sample_size>
<use_df_only>false</use_df_only>
<keep_header_lines>0</keep_header_lines>
</file>
<file>
<file_name>/u01/app/grid/diag/crs/autp-hroradb-utzrk1/crs/trace/osysmond_35.trc</file_name>
<file_type>CRFMOND (osysmond) Log</file_type>
<size>26994681</size>
<database></database>
<cluster>null</cluster>
<instance></instance>
<component>CRS</component>
<base_directory>/u01/app/grid/diag/crs/autp-hroradb-utzrk1/crs/trace</base_directory>
<last_modified>Mon Apr 12 16:53:47 UTC 2021</last_modified>
<hostname>autp-hroradb-utzrk1</hostname>
<lines>1000</lines>
<first_timestamp>Sun Mar 21 14:57:50 UTC 2021</first_timestamp>
<last_timestamp>Mon Apr 12 16:53:47 UTC 2021</last_timestamp>
<sampling_rows_first>5</sampling_rows_first>
<sampling_rows_last>-1</sampling_rows_last>
<date_pattern>\d{4}-\d{2}-\d{2}\s\d{2}:\d{2}:\d{2}\.\d{3}</date_pattern>
<sample_size>-1</sample_size>
<use_df_only>false</use_df_only>
<keep_header_lines>0</keep_header_lines>
</file>
<file>
<file_name>/u01/app/grid/crsdata/autp-hroradb-utzrk1/crf/db/json/jsondump.log</file_name>
<file_type>null</file_type>
<size>5375488</size>
<database></database>
<cluster>null</cluster>
<instance></instance>
<component>CRS</component>
<base_directory>/u01/app/grid/crsdata/autp-hroradb-utzrk1/crf</base_directory>
<last_modified>Mon Apr 12 16:55:11 UTC 2021</last_modified>
<hostname>autp-hroradb-utzrk1</hostname>
<lines>0</lines>
<first_timestamp>null</first_timestamp>
<last_timestamp>null</last_timestamp>
<sampling_rows_first>-1</sampling_rows_first>
<sampling_rows_last>-1</sampling_rows_last>
<date_pattern>null</date_pattern>
<sample_size>-1</sample_size>
<use_df_only>false</use_df_only>
<keep_header_lines>0</keep_header_lines>
</file>
<file>
<file_name>/u01/app/grid/crsdata/autp-hroradb-utzrk1/crf/db/proc/procdump.log</file_name>
<file_type>null</file_type>
<size>3236932</size>
<database></database>
<cluster>null</cluster>
<instance></instance>
<component>CRS</component>
<base_directory>/u01/app/grid/crsdata/autp-hroradb-utzrk1/crf</base_directory>
<last_modified>Mon Apr 12 16:54:45 UTC 2021</last_modified>
<hostname>autp-hroradb-utzrk1</hostname>
<lines>0</lines>
<first_timestamp>null</first_timestamp>
<last_timestamp>null</last_timestamp>
<sampling_rows_first>-1</sampling_rows_first>
<sampling_rows_last>-1</sampling_rows_last>
<date_pattern>null</date_pattern>
<sample_size>-1</sample_size>
<use_df_only>false</use_df_only>
<keep_header_lines>0</keep_header_lines>
</file>
<file>
<file_name>/u01/app/grid/diag/crs/autp-hroradb-utzrk1/crs/trace/osysmond.trc</file_name>
<file_type>null</file_type>
<size>22431574</size>
<database></database>
<cluster>null</cluster>
<instance></instance>
<component>CRS</component>
<base_directory>/u01/app/grid/diag/crs/autp-hroradb-utzrk1/crs/trace</base_directory>
<last_modified>Mon Apr 12 16:54:50 UTC 2021</last_modified>
<hostname>autp-hroradb-utzrk1</hostname>
<lines>0</lines>
<first_timestamp>null</first_timestamp>
<last_timestamp>null</last_timestamp>
<sampling_rows_first>-1</sampling_rows_first>
<sampling_rows_last>-1</sampling_rows_last>
<date_pattern>null</date_pattern>
<sample_size>-1</sample_size>
<use_df_only>false</use_df_only>
<keep_header_lines>0</keep_header_lines>
</file>
<file>
<file_name>/var/log/exadatatmp/_ExaWatcher_rds_ping_my_connects_stcennoc_ym_gnip_sdr_rehctaWaxE</file_name>
<file_type>null</file_type>
<size>17736</size>
<database></database>
<cluster>null</cluster>
<instance></instance>
<component>OS</component>
<base_directory>/var/log</base_directory>
<last_modified>Mon Apr 12 16:54:34 UTC 2021</last_modified>
<hostname>autp-hroradb-utzrk1</hostname>
<lines>0</lines>
<first_timestamp>null</first_timestamp>
<last_timestamp>null</last_timestamp>
<sampling_rows_first>-1</sampling_rows_first>
<sampling_rows_last>-1</sampling_rows_last>
<date_pattern>null</date_pattern>
<sample_size>-1</sample_size>
<use_df_only>false</use_df_only>
<keep_header_lines>0</keep_header_lines>
</file>
<file>
<file_name>/var/log/oracle/deploy/wls_gc35661.trc.2</file_name>
<file_type>null</file_type>
<size>102546</size>
<database></database>
<cluster>null</cluster>
<instance></instance>
<component>OS</component>
<base_directory>/var/log</base_directory>
<last_modified>Mon Apr 12 16:38:27 UTC 2021</last_modified>
<hostname>autp-hroradb-utzrk1</hostname>
<lines>0</lines>
<first_timestamp>null</first_timestamp>
<last_timestamp>null</last_timestamp>
<sampling_rows_first>-1</sampling_rows_first>
<sampling_rows_last>-1</sampling_rows_last>
<date_pattern>null</date_pattern>
<sample_size>-1</sample_size>
<use_df_only>false</use_df_only>
<keep_header_lines>0</keep_header_lines>
</file>
<file>
<file_name>/var/log/oracle/deploy/wls_gc35661.trc.3.current</file_name>
<file_type>null</file_type>
<size>7910</size>
<database></database>
<cluster>null</cluster>
<instance></instance>
<component>OS</component>
<base_directory>/var/log</base_directory>
<last_modified>Mon Apr 12 16:55:28 UTC 2021</last_modified>
<hostname>autp-hroradb-utzrk1</hostname>
<lines>0</lines>
<first_timestamp>null</first_timestamp>
<last_timestamp>null</last_timestamp>
<sampling_rows_first>-1</sampling_rows_first>
<sampling_rows_last>-1</sampling_rows_last>
<date_pattern>null</date_pattern>
<sample_size>-1</sample_size>
<use_df_only>false</use_df_only>
<keep_header_lines>0</keep_header_lines>
</file>
<file>
<file_name>/var/log/oracle/diag/asm/dbserver/autp-hroradb-utzrk1/trace/rstrc_34933_mmt.trc</file_name>
<file_type>null</file_type>
<size>397118</size>
<database></database>
<cluster>null</cluster>
<instance></instance>
<component>OS</component>
<base_directory>/var/log</base_directory>
<last_modified>Mon Apr 12 16:55:17 UTC 2021</last_modified>
<hostname>autp-hroradb-utzrk1</hostname>
<lines>0</lines>
<first_timestamp>null</first_timestamp>
<last_timestamp>null</last_timestamp>
<sampling_rows_first>-1</sampling_rows_first>
<sampling_rows_last>-1</sampling_rows_last>
<date_pattern>null</date_pattern>
<sample_size>-1</sample_size>
<use_df_only>false</use_df_only>
<keep_header_lines>0</keep_header_lines>
</file>
<file>
<file_name>/var/log/uptrack.log</file_name>
<file_type>null</file_type>
<size>1539710</size>
<database></database>
<cluster>null</cluster>
<instance></instance>
<component>OS</component>
<base_directory>/var/log</base_directory>
<last_modified>Mon Apr 12 16:43:51 UTC 2021</last_modified>
<hostname>autp-hroradb-utzrk1</hostname>
<lines>0</lines>
<first_timestamp>null</first_timestamp>
<last_timestamp>null</last_timestamp>
<sampling_rows_first>-1</sampling_rows_first>
<sampling_rows_last>-1</sampling_rows_last>
<date_pattern>null</date_pattern>
<sample_size>-1</sample_size>
<use_df_only>false</use_df_only>
<keep_header_lines>0</keep_header_lines>
</file>
</files>