<files>
<CRS_TZ>UTC</CRS_TZ>
<session_TZ>UTC</session_TZ>
<system_TZ>Coordinated Universal Time</system_TZ>
<file>
<file_name>/u01/app/grid/diag/crs/aupp-hroradb-f9exx2/crs/trace/alert.log</file_name>
<file_type>CRS Alert Log</file_type>
<size>1403278</size>
<database></database>
<cluster>null</cluster>
<instance></instance>
<component>CRS</component>
<base_directory>/u01/app/grid/diag/crs/aupp-hroradb-f9exx2/crs/trace</base_directory>
<last_modified>Sun Apr 11 13:24:46 UTC 2021</last_modified>
<hostname>aupp-hroradb-f9exx2</hostname>
<lines>1000</lines>
<first_timestamp>Mon Jul 13 16:48:32 UTC 2020</first_timestamp>
<last_timestamp>Sun Apr 11 13:24:46 UTC 2021</last_timestamp>
<sampling_rows_first>1</sampling_rows_first>
<sampling_rows_last>-1</sampling_rows_last>
<date_pattern>\d{4}-\d{2}-\d{2}\s\d{2}:\d{2}:\d{2}\.\d{3}</date_pattern>
<sample_size>-1</sample_size>
<use_df_only>false</use_df_only>
<keep_header_lines>0</keep_header_lines>
</file>
<file>
<file_name>/u01/app/grid/diag/crs/aupp-hroradb-f9exx2/crs/trace/crsctl_209105.trc</file_name>
<file_type>CRSCTL (Client) Log</file_type>
<size>820</size>
<database></database>
<cluster>null</cluster>
<instance></instance>
<component>CRS</component>
<base_directory>/u01/app/grid/diag/crs/aupp-hroradb-f9exx2/crs/trace</base_directory>
<last_modified>Wed Apr 14 14:24:21 UTC 2021</last_modified>
<hostname>aupp-hroradb-f9exx2</hostname>
<lines>10</lines>
<first_timestamp>null</first_timestamp>
<last_timestamp>null</last_timestamp>
<sampling_rows_first>-1</sampling_rows_first>
<sampling_rows_last>-1</sampling_rows_last>
<date_pattern>null</date_pattern>
<sample_size>-1</sample_size>
<use_df_only>false</use_df_only>
<keep_header_lines>0</keep_header_lines>
</file>
<file>
<file_name>/u01/app/grid/diag/crs/aupp-hroradb-f9exx2/crs/trace/crsctl_258394.trc</file_name>
<file_type>CRSCTL (Client) Log</file_type>
<size>820</size>
<database></database>
<cluster>null</cluster>
<instance></instance>
<component>CRS</component>
<base_directory>/u01/app/grid/diag/crs/aupp-hroradb-f9exx2/crs/trace</base_directory>
<last_modified>Wed Apr 14 14:39:24 UTC 2021</last_modified>
<hostname>aupp-hroradb-f9exx2</hostname>
<lines>10</lines>
<first_timestamp>null</first_timestamp>
<last_timestamp>null</last_timestamp>
<sampling_rows_first>-1</sampling_rows_first>
<sampling_rows_last>-1</sampling_rows_last>
<date_pattern>null</date_pattern>
<sample_size>-1</sample_size>
<use_df_only>false</use_df_only>
<keep_header_lines>0</keep_header_lines>
</file>
<file>
<file_name>/u01/app/grid/diag/crs/aupp-hroradb-f9exx2/crs/trace/crsctl_312024.trc</file_name>
<file_type>CRSCTL (Client) Log</file_type>
<size>820</size>
<database></database>
<cluster>null</cluster>
<instance></instance>
<component>CRS</component>
<base_directory>/u01/app/grid/diag/crs/aupp-hroradb-f9exx2/crs/trace</base_directory>
<last_modified>Wed Apr 14 14:54:58 UTC 2021</last_modified>
<hostname>aupp-hroradb-f9exx2</hostname>
<lines>10</lines>
<first_timestamp>null</first_timestamp>
<last_timestamp>null</last_timestamp>
<sampling_rows_first>-1</sampling_rows_first>
<sampling_rows_last>-1</sampling_rows_last>
<date_pattern>null</date_pattern>
<sample_size>-1</sample_size>
<use_df_only>false</use_df_only>
<keep_header_lines>0</keep_header_lines>
</file>
<file>
<file_name>/u01/app/grid/diag/crs/aupp-hroradb-f9exx2/crs/trace/crsctl_366949.trc</file_name>
<file_type>CRSCTL (Client) Log</file_type>
<size>820</size>
<database></database>
<cluster>null</cluster>
<instance></instance>
<component>CRS</component>
<base_directory>/u01/app/grid/diag/crs/aupp-hroradb-f9exx2/crs/trace</base_directory>
<last_modified>Wed Apr 14 15:10:52 UTC 2021</last_modified>
<hostname>aupp-hroradb-f9exx2</hostname>
<lines>10</lines>
<first_timestamp>null</first_timestamp>
<last_timestamp>null</last_timestamp>
<sampling_rows_first>-1</sampling_rows_first>
<sampling_rows_last>-1</sampling_rows_last>
<date_pattern>null</date_pattern>
<sample_size>-1</sample_size>
<use_df_only>false</use_df_only>
<keep_header_lines>0</keep_header_lines>
</file>
<file>
<file_name>/u01/app/grid/diag/crs/aupp-hroradb-f9exx2/crs/trace/crsd.trc</file_name>
<file_type>CRSD Log</file_type>
<size>1225668</size>
<database></database>
<cluster>null</cluster>
<instance></instance>
<component>CRS</component>
<base_directory>/u01/app/grid/diag/crs/aupp-hroradb-f9exx2/crs/trace</base_directory>
<last_modified>Wed Apr 14 15:13:07 UTC 2021</last_modified>
<hostname>aupp-hroradb-f9exx2</hostname>
<lines>1000</lines>
<first_timestamp>Wed Apr 14 12:14:01 UTC 2021</first_timestamp>
<last_timestamp>Wed Apr 14 15:13:07 UTC 2021</last_timestamp>
<sampling_rows_first>5</sampling_rows_first>
<sampling_rows_last>-1</sampling_rows_last>
<date_pattern>\d{4}-\d{2}-\d{2}\s\d{2}:\d{2}:\d{2}</date_pattern>
<sample_size>-1</sample_size>
<use_df_only>false</use_df_only>
<keep_header_lines>0</keep_header_lines>
</file>
<file>
<file_name>/u01/app/grid/diag/crs/aupp-hroradb-f9exx2/crs/trace/crsd_oraagent_grid.trc</file_name>
<file_type>CRSD User Agent Log</file_type>
<size>2169317</size>
<database></database>
<cluster>null</cluster>
<instance></instance>
<component>CRS</component>
<base_directory>/u01/app/grid/diag/crs/aupp-hroradb-f9exx2/crs/trace</base_directory>
<last_modified>Wed Apr 14 15:13:07 UTC 2021</last_modified>
<hostname>aupp-hroradb-f9exx2</hostname>
<lines>1000</lines>
<first_timestamp>Wed Apr 14 11:43:42 UTC 2021</first_timestamp>
<last_timestamp>Wed Apr 14 15:13:07 UTC 2021</last_timestamp>
<sampling_rows_first>5</sampling_rows_first>
<sampling_rows_last>-1</sampling_rows_last>
<date_pattern>\d{4}-\d{2}-\d{2}\s\d{2}:\d{2}:\d{2}</date_pattern>
<sample_size>-1</sample_size>
<use_df_only>false</use_df_only>
<keep_header_lines>0</keep_header_lines>
</file>
<file>
<file_name>/u01/app/grid/diag/crs/aupp-hroradb-f9exx2/crs/trace/crsd_oraagent_oracle.trc</file_name>
<file_type>CRSD User Agent Log</file_type>
<size>2420616</size>
<database></database>
<cluster>null</cluster>
<instance></instance>
<component>CRS</component>
<base_directory>/u01/app/grid/diag/crs/aupp-hroradb-f9exx2/crs/trace</base_directory>
<last_modified>Wed Apr 14 15:13:07 UTC 2021</last_modified>
<hostname>aupp-hroradb-f9exx2</hostname>
<lines>1000</lines>
<first_timestamp>Wed Apr 14 12:38:32 UTC 2021</first_timestamp>
<last_timestamp>Wed Apr 14 15:13:07 UTC 2021</last_timestamp>
<sampling_rows_first>5</sampling_rows_first>
<sampling_rows_last>-1</sampling_rows_last>
<date_pattern>\d{4}-\d{2}-\d{2}\s\d{2}:\d{2}:\d{2}</date_pattern>
<sample_size>-1</sample_size>
<use_df_only>false</use_df_only>
<keep_header_lines>0</keep_header_lines>
</file>
<file>
<file_name>/u01/app/grid/diag/crs/aupp-hroradb-f9exx2/crs/trace/crsd_orarootagent_root.trc</file_name>
<file_type>CRSD Root Agent Log</file_type>
<size>47301</size>
<database></database>
<cluster>null</cluster>
<instance></instance>
<component>CRS</component>
<base_directory>/u01/app/grid/diag/crs/aupp-hroradb-f9exx2/crs/trace</base_directory>
<last_modified>Wed Apr 14 15:12:31 UTC 2021</last_modified>
<hostname>aupp-hroradb-f9exx2</hostname>
<lines>383</lines>
<first_timestamp>Wed Apr 14 12:07:01 UTC 2021</first_timestamp>
<last_timestamp>Wed Apr 14 15:12:31 UTC 2021</last_timestamp>
<sampling_rows_first>5</sampling_rows_first>
<sampling_rows_last>-1</sampling_rows_last>
<date_pattern>\d{4}-\d{2}-\d{2}\s\d{2}:\d{2}:\d{2}</date_pattern>
<sample_size>-1</sample_size>
<use_df_only>false</use_df_only>
<keep_header_lines>0</keep_header_lines>
</file>
<file>
<file_name>/u01/app/grid/diag/crs/aupp-hroradb-f9exx2/crs/trace/diskmon.trc</file_name>
<file_type>DISKMON log</file_type>
<size>18370797</size>
<database></database>
<cluster>null</cluster>
<instance></instance>
<component>CRS</component>
<base_directory>/u01/app/grid/diag/crs/aupp-hroradb-f9exx2/crs/trace</base_directory>
<last_modified>Wed Apr 14 15:13:06 UTC 2021</last_modified>
<hostname>aupp-hroradb-f9exx2</hostname>
<lines>1000</lines>
<first_timestamp>Thu Apr 08 18:00:36 UTC 2021</first_timestamp>
<last_timestamp>Wed Apr 14 15:13:06 UTC 2021</last_timestamp>
<sampling_rows_first>5</sampling_rows_first>
<sampling_rows_last>-1</sampling_rows_last>
<date_pattern>\d{4}-\d{2}-\d{2}\s\d{2}:\d{2}:\d{2}\.\d{3}</date_pattern>
<sample_size>-1</sample_size>
<use_df_only>false</use_df_only>
<keep_header_lines>0</keep_header_lines>
</file>
<file>
<file_name>/u01/app/grid/diag/crs/aupp-hroradb-f9exx2/crs/trace/evmd.trc</file_name>
<file_type>EVMD Log</file_type>
<size>17738278</size>
<database></database>
<cluster>null</cluster>
<instance></instance>
<component>CRS</component>
<base_directory>/u01/app/grid/diag/crs/aupp-hroradb-f9exx2/crs/trace</base_directory>
<last_modified>Wed Apr 14 15:12:52 UTC 2021</last_modified>
<hostname>aupp-hroradb-f9exx2</hostname>
<lines>1000</lines>
<first_timestamp>Sun Mar 28 02:04:58 UTC 2021</first_timestamp>
<last_timestamp>Wed Apr 14 15:12:52 UTC 2021</last_timestamp>
<sampling_rows_first>5</sampling_rows_first>
<sampling_rows_last>-1</sampling_rows_last>
<date_pattern>\d{4}-\d{2}-\d{2}\s\d{2}:\d{2}:\d{2}</date_pattern>
<sample_size>-1</sample_size>
<use_df_only>false</use_df_only>
<keep_header_lines>0</keep_header_lines>
</file>
<file>
<file_name>/u01/app/grid/diag/crs/aupp-hroradb-f9exx2/crs/trace/gipcd.trc</file_name>
<file_type>GIPCD Log</file_type>
<size>12509657</size>
<database></database>
<cluster>null</cluster>
<instance></instance>
<component>CRS</component>
<base_directory>/u01/app/grid/diag/crs/aupp-hroradb-f9exx2/crs/trace</base_directory>
<last_modified>Wed Apr 14 15:13:06 UTC 2021</last_modified>
<hostname>aupp-hroradb-f9exx2</hostname>
<lines>1000</lines>
<first_timestamp>Tue Apr 13 12:13:49 UTC 2021</first_timestamp>
<last_timestamp>Wed Apr 14 15:13:06 UTC 2021</last_timestamp>
<sampling_rows_first>5</sampling_rows_first>
<sampling_rows_last>-1</sampling_rows_last>
<date_pattern>\d{4}-\d{2}-\d{2}\s\d{2}:\d{2}:\d{2}</date_pattern>
<sample_size>-1</sample_size>
<use_df_only>false</use_df_only>
<keep_header_lines>0</keep_header_lines>
</file>
<file>
<file_name>/u01/app/grid/diag/crs/aupp-hroradb-f9exx2/crs/trace/gpnpd.trc</file_name>
<file_type>GPNPD Log</file_type>
<size>16219618</size>
<database></database>
<cluster>null</cluster>
<instance></instance>
<component>CRS</component>
<base_directory>/u01/app/grid/diag/crs/aupp-hroradb-f9exx2/crs/trace</base_directory>
<last_modified>Wed Apr 14 15:13:00 UTC 2021</last_modified>
<hostname>aupp-hroradb-f9exx2</hostname>
<lines>1000</lines>
<first_timestamp>Thu Mar 04 03:22:49 UTC 2021</first_timestamp>
<last_timestamp>Wed Apr 14 15:13:00 UTC 2021</last_timestamp>
<sampling_rows_first>5</sampling_rows_first>
<sampling_rows_last>-1</sampling_rows_last>
<date_pattern>\d{4}-\d{2}-\d{2}\s\d{2}:\d{2}:\d{2}</date_pattern>
<sample_size>-1</sample_size>
<use_df_only>false</use_df_only>
<keep_header_lines>0</keep_header_lines>
</file>
<file>
<file_name>/u01/app/grid/diag/crs/aupp-hroradb-f9exx2/crs/trace/ocssd.trc</file_name>
<file_type>CSS (ocssd) Log</file_type>
<size>4300992</size>
<database></database>
<cluster>null</cluster>
<instance></instance>
<component>CRS</component>
<base_directory>/u01/app/grid/diag/crs/aupp-hroradb-f9exx2/crs/trace</base_directory>
<last_modified>Wed Apr 14 15:13:08 UTC 2021</last_modified>
<hostname>aupp-hroradb-f9exx2</hostname>
<lines>1000</lines>
<first_timestamp>Wed Apr 14 14:17:44 UTC 2021</first_timestamp>
<last_timestamp>Wed Apr 14 15:13:08 UTC 2021</last_timestamp>
<sampling_rows_first>5</sampling_rows_first>
<sampling_rows_last>-1</sampling_rows_last>
<date_pattern>\d{4}-\d{2}-\d{2}\s\d{2}:\d{2}:\d{2}</date_pattern>
<sample_size>-1</sample_size>
<use_df_only>false</use_df_only>
<keep_header_lines>0</keep_header_lines>
</file>
<file>
<file_name>/u01/app/grid/diag/crs/aupp-hroradb-f9exx2/crs/trace/ocssd_457.trc</file_name>
<file_type>CSS (ocssd) Log</file_type>
<size>52429435</size>
<database></database>
<cluster>null</cluster>
<instance></instance>
<component>CRS</component>
<base_directory>/u01/app/grid/diag/crs/aupp-hroradb-f9exx2/crs/trace</base_directory>
<last_modified>Wed Apr 14 14:17:44 UTC 2021</last_modified>
<hostname>aupp-hroradb-f9exx2</hostname>
<lines>1000</lines>
<first_timestamp>Tue Apr 13 19:23:59 UTC 2021</first_timestamp>
<last_timestamp>Wed Apr 14 14:17:44 UTC 2021</last_timestamp>
<sampling_rows_first>5</sampling_rows_first>
<sampling_rows_last>-1</sampling_rows_last>
<date_pattern>\d{4}-\d{2}-\d{2}\s\d{2}:\d{2}:\d{2}</date_pattern>
<sample_size>-1</sample_size>
<use_df_only>false</use_df_only>
<keep_header_lines>0</keep_header_lines>
</file>
<file>
<file_name>/u01/app/grid/diag/crs/aupp-hroradb-f9exx2/crs/trace/octssd.trc</file_name>
<file_type>CTSSD Log</file_type>
<size>7833605</size>
<database></database>
<cluster>null</cluster>
<instance></instance>
<component>CRS</component>
<base_directory>/u01/app/grid/diag/crs/aupp-hroradb-f9exx2/crs/trace</base_directory>
<last_modified>Wed Apr 14 15:13:03 UTC 2021</last_modified>
<hostname>aupp-hroradb-f9exx2</hostname>
<lines>1000</lines>
<first_timestamp>Wed Apr 14 01:35:23 UTC 2021</first_timestamp>
<last_timestamp>Wed Apr 14 15:13:03 UTC 2021</last_timestamp>
<sampling_rows_first>5</sampling_rows_first>
<sampling_rows_last>-1</sampling_rows_last>
<date_pattern>\d{4}-\d{2}-\d{2}\s\d{2}:\d{2}:\d{2}</date_pattern>
<sample_size>-1</sample_size>
<use_df_only>false</use_df_only>
<keep_header_lines>0</keep_header_lines>
</file>
<file>
<file_name>/u01/app/grid/diag/crs/aupp-hroradb-f9exx2/crs/trace/ohasd.trc</file_name>
<file_type>OHASD Log</file_type>
<size>7725301</size>
<database></database>
<cluster>null</cluster>
<instance></instance>
<component>CRS</component>
<base_directory>/u01/app/grid/diag/crs/aupp-hroradb-f9exx2/crs/trace</base_directory>
<last_modified>Wed Apr 14 15:13:03 UTC 2021</last_modified>
<hostname>aupp-hroradb-f9exx2</hostname>
<lines>1000</lines>
<first_timestamp>Tue Apr 13 05:44:44 UTC 2021</first_timestamp>
<last_timestamp>Wed Apr 14 15:13:03 UTC 2021</last_timestamp>
<sampling_rows_first>5</sampling_rows_first>
<sampling_rows_last>-1</sampling_rows_last>
<date_pattern>\d{4}-\d{2}-\d{2}\s\d{2}:\d{2}:\d{2}</date_pattern>
<sample_size>-1</sample_size>
<use_df_only>false</use_df_only>
<keep_header_lines>0</keep_header_lines>
</file>
<file>
<file_name>/u01/app/grid/diag/crs/aupp-hroradb-f9exx2/crs/trace/ohasd_cssdagent_root.trc</file_name>
<file_type>CSSD Agent Log (OHASD)</file_type>
<size>12826051</size>
<database></database>
<cluster>null</cluster>
<instance></instance>
<component>CRS</component>
<base_directory>/u01/app/grid/diag/crs/aupp-hroradb-f9exx2/crs/trace</base_directory>
<last_modified>Wed Apr 14 15:12:51 UTC 2021</last_modified>
<hostname>aupp-hroradb-f9exx2</hostname>
<lines>1000</lines>
<first_timestamp>Sun Mar 21 05:05:14 UTC 2021</first_timestamp>
<last_timestamp>Wed Apr 14 15:12:51 UTC 2021</last_timestamp>
<sampling_rows_first>5</sampling_rows_first>
<sampling_rows_last>-1</sampling_rows_last>
<date_pattern>\d{4}-\d{2}-\d{2}\s\d{2}:\d{2}:\d{2}</date_pattern>
<sample_size>-1</sample_size>
<use_df_only>false</use_df_only>
<keep_header_lines>0</keep_header_lines>
</file>
<file>
<file_name>/u01/app/grid/diag/crs/aupp-hroradb-f9exx2/crs/trace/ohasd_cssdmonitor_root.trc</file_name>
<file_type>CSSD Monitor Log (OHASD)</file_type>
<size>15015982</size>
<database></database>
<cluster>null</cluster>
<instance></instance>
<component>CRS</component>
<base_directory>/u01/app/grid/diag/crs/aupp-hroradb-f9exx2/crs/trace</base_directory>
<last_modified>Wed Apr 14 15:12:09 UTC 2021</last_modified>
<hostname>aupp-hroradb-f9exx2</hostname>
<lines>1000</lines>
<first_timestamp>Wed Mar 17 09:46:01 UTC 2021</first_timestamp>
<last_timestamp>Wed Apr 14 15:12:09 UTC 2021</last_timestamp>
<sampling_rows_first>5</sampling_rows_first>
<sampling_rows_last>-1</sampling_rows_last>
<date_pattern>\d{4}-\d{2}-\d{2}\s\d{2}:\d{2}:\d{2}</date_pattern>
<sample_size>-1</sample_size>
<use_df_only>false</use_df_only>
<keep_header_lines>0</keep_header_lines>
</file>
<file>
<file_name>/u01/app/grid/diag/crs/aupp-hroradb-f9exx2/crs/trace/ohasd_oraagent_grid.trc</file_name>
<file_type>OHASD User Agent Log</file_type>
<size>5999221</size>
<database></database>
<cluster>null</cluster>
<instance></instance>
<component>CRS</component>
<base_directory>/u01/app/grid/diag/crs/aupp-hroradb-f9exx2/crs/trace</base_directory>
<last_modified>Wed Apr 14 15:13:07 UTC 2021</last_modified>
<hostname>aupp-hroradb-f9exx2</hostname>
<lines>1000</lines>
<first_timestamp>Wed Apr 14 12:11:21 UTC 2021</first_timestamp>
<last_timestamp>Wed Apr 14 15:13:07 UTC 2021</last_timestamp>
<sampling_rows_first>5</sampling_rows_first>
<sampling_rows_last>-1</sampling_rows_last>
<date_pattern>\d{4}-\d{2}-\d{2}\s\d{2}:\d{2}:\d{2}</date_pattern>
<sample_size>-1</sample_size>
<use_df_only>false</use_df_only>
<keep_header_lines>0</keep_header_lines>
</file>
<file>
<file_name>/u01/app/grid/diag/crs/aupp-hroradb-f9exx2/crs/trace/ohasd_orarootagent_root.trc</file_name>
<file_type>OHASD Root Agent Log</file_type>
<size>18793360</size>
<database></database>
<cluster>null</cluster>
<instance></instance>
<component>CRS</component>
<base_directory>/u01/app/grid/diag/crs/aupp-hroradb-f9exx2/crs/trace</base_directory>
<last_modified>Wed Apr 14 15:13:06 UTC 2021</last_modified>
<hostname>aupp-hroradb-f9exx2</hostname>
<lines>1000</lines>
<first_timestamp>Tue Apr 13 16:07:28 UTC 2021</first_timestamp>
<last_timestamp>Wed Apr 14 15:13:06 UTC 2021</last_timestamp>
<sampling_rows_first>5</sampling_rows_first>
<sampling_rows_last>-1</sampling_rows_last>
<date_pattern>\d{4}-\d{2}-\d{2}\s\d{2}:\d{2}:\d{2}</date_pattern>
<sample_size>-1</sample_size>
<use_df_only>false</use_df_only>
<keep_header_lines>0</keep_header_lines>
</file>
<file>
<file_name>/home/oracle/oswbb/archive/oswpidstat/aupp-hroradb-f9exx2_pidstat_21.04.14.0900.dat</file_name>
<file_type>null</file_type>
<size>324993</size>
<database></database>
<cluster>null</cluster>
<instance></instance>
<component>OS</component>
<base_directory>/home/oracle/oswbb/archive</base_directory>
<last_modified>Wed Apr 14 14:57:53 UTC 2021</last_modified>
<hostname>aupp-hroradb-f9exx2</hostname>
<lines>0</lines>
<first_timestamp>null</first_timestamp>
<last_timestamp>null</last_timestamp>
<sampling_rows_first>-1</sampling_rows_first>
<sampling_rows_last>-1</sampling_rows_last>
<date_pattern>null</date_pattern>
<sample_size>-1</sample_size>
<use_df_only>false</use_df_only>
<keep_header_lines>0</keep_header_lines>
</file>
<file>
<file_name>/home/oracle/oswbb/archive/oswpidstat/aupp-hroradb-f9exx2_pidstat_21.04.14.1000.dat</file_name>
<file_type>null</file_type>
<size>87774</size>
<database></database>
<cluster>null</cluster>
<instance></instance>
<component>OS</component>
<base_directory>/home/oracle/oswbb/archive</base_directory>
<last_modified>Wed Apr 14 15:12:53 UTC 2021</last_modified>
<hostname>aupp-hroradb-f9exx2</hostname>
<lines>0</lines>
<first_timestamp>null</first_timestamp>
<last_timestamp>null</last_timestamp>
<sampling_rows_first>-1</sampling_rows_first>
<sampling_rows_last>-1</sampling_rows_last>
<date_pattern>null</date_pattern>
<sample_size>-1</sample_size>
<use_df_only>false</use_df_only>
<keep_header_lines>0</keep_header_lines>
</file>
<file>
<file_name>/home/oracle/oswbb/archive/oswpidstatd/aupp-hroradb-f9exx2_pidstatd_21.04.14.0900.dat</file_name>
<file_type>null</file_type>
<size>13935</size>
<database></database>
<cluster>null</cluster>
<instance></instance>
<component>OS</component>
<base_directory>/home/oracle/oswbb/archive</base_directory>
<last_modified>Wed Apr 14 14:57:53 UTC 2021</last_modified>
<hostname>aupp-hroradb-f9exx2</hostname>
<lines>0</lines>
<first_timestamp>null</first_timestamp>
<last_timestamp>null</last_timestamp>
<sampling_rows_first>-1</sampling_rows_first>
<sampling_rows_last>-1</sampling_rows_last>
<date_pattern>null</date_pattern>
<sample_size>-1</sample_size>
<use_df_only>false</use_df_only>
<keep_header_lines>0</keep_header_lines>
</file>
<file>
<file_name>/home/oracle/oswbb/archive/oswpidstatd/aupp-hroradb-f9exx2_pidstatd_21.04.14.1000.dat</file_name>
<file_type>null</file_type>
<size>3836</size>
<database></database>
<cluster>null</cluster>
<instance></instance>
<component>OS</component>
<base_directory>/home/oracle/oswbb/archive</base_directory>
<last_modified>Wed Apr 14 15:12:53 UTC 2021</last_modified>
<hostname>aupp-hroradb-f9exx2</hostname>
<lines>0</lines>
<first_timestamp>null</first_timestamp>
<last_timestamp>null</last_timestamp>
<sampling_rows_first>-1</sampling_rows_first>
<sampling_rows_last>-1</sampling_rows_last>
<date_pattern>null</date_pattern>
<sample_size>-1</sample_size>
<use_df_only>false</use_df_only>
<keep_header_lines>0</keep_header_lines>
</file>
<file>
<file_name>/u01/app/grid/crsdata/aupp-hroradb-f9exx2/crf/db/json/jsondump.log</file_name>
<file_type>null</file_type>
<size>7324507</size>
<database></database>
<cluster>null</cluster>
<instance></instance>
<component>CRS</component>
<base_directory>/u01/app/grid/crsdata/aupp-hroradb-f9exx2/crf</base_directory>
<last_modified>Wed Apr 14 15:12:21 UTC 2021</last_modified>
<hostname>aupp-hroradb-f9exx2</hostname>
<lines>0</lines>
<first_timestamp>null</first_timestamp>
<last_timestamp>null</last_timestamp>
<sampling_rows_first>-1</sampling_rows_first>
<sampling_rows_last>-1</sampling_rows_last>
<date_pattern>null</date_pattern>
<sample_size>-1</sample_size>
<use_df_only>false</use_df_only>
<keep_header_lines>0</keep_header_lines>
</file>
<file>
<file_name>/u01/app/grid/crsdata/aupp-hroradb-f9exx2/crf/db/proc/procdump.log</file_name>
<file_type>null</file_type>
<size>4114769</size>
<database></database>
<cluster>null</cluster>
<instance></instance>
<component>CRS</component>
<base_directory>/u01/app/grid/crsdata/aupp-hroradb-f9exx2/crf</base_directory>
<last_modified>Wed Apr 14 15:13:05 UTC 2021</last_modified>
<hostname>aupp-hroradb-f9exx2</hostname>
<lines>0</lines>
<first_timestamp>null</first_timestamp>
<last_timestamp>null</last_timestamp>
<sampling_rows_first>-1</sampling_rows_first>
<sampling_rows_last>-1</sampling_rows_last>
<date_pattern>null</date_pattern>
<sample_size>-1</sample_size>
<use_df_only>false</use_df_only>
<keep_header_lines>0</keep_header_lines>
</file>
<file>
<file_name>/u01/app/grid/diag/crs/aupp-hroradb-f9exx2/crs/trace/osysmond.trc</file_name>
<file_type>null</file_type>
<size>23173673</size>
<database></database>
<cluster>null</cluster>
<instance></instance>
<component>CRS</component>
<base_directory>/u01/app/grid/diag/crs/aupp-hroradb-f9exx2/crs/trace</base_directory>
<last_modified>Wed Apr 14 15:13:05 UTC 2021</last_modified>
<hostname>aupp-hroradb-f9exx2</hostname>
<lines>0</lines>
<first_timestamp>null</first_timestamp>
<last_timestamp>null</last_timestamp>
<sampling_rows_first>-1</sampling_rows_first>
<sampling_rows_last>-1</sampling_rows_last>
<date_pattern>null</date_pattern>
<sample_size>-1</sample_size>
<use_df_only>false</use_df_only>
<keep_header_lines>0</keep_header_lines>
</file>
<file>
<file_name>/u02/app/oracle/diag/rdbms/prd_iad3vt/PRD2/trace/PRD2_tmon_64588.trc</file_name>
<file_type>null</file_type>
<size>4787703</size>
<database>prd_iad3vt</database>
<cluster>null</cluster>
<instance>PRD2</instance>
<component>RDBMS</component>
<base_directory>/u02/app/oracle/diag/rdbms/prd_iad3vt/PRD2/trace</base_directory>
<last_modified>Wed Apr 14 15:12:58 UTC 2021</last_modified>
<hostname>aupp-hroradb-f9exx2</hostname>
<lines>0</lines>
<first_timestamp>null</first_timestamp>
<last_timestamp>null</last_timestamp>
<sampling_rows_first>-1</sampling_rows_first>
<sampling_rows_last>-1</sampling_rows_last>
<date_pattern>null</date_pattern>
<sample_size>-1</sample_size>
<use_df_only>false</use_df_only>
<keep_header_lines>0</keep_header_lines>
</file>
<file>
<file_name>/u02/app/oracle/diag/rdbms/prd_iad3vt/PRD2/trace/PRD2_tt00_64608_4788.trc</file_name>
<file_type>null</file_type>
<size>104857741</size>
<database>prd_iad3vt</database>
<cluster>null</cluster>
<instance>PRD2</instance>
<component>RDBMS</component>
<base_directory>/u02/app/oracle/diag/rdbms/prd_iad3vt/PRD2/trace</base_directory>
<last_modified>Wed Apr 14 14:29:44 UTC 2021</last_modified>
<hostname>aupp-hroradb-f9exx2</hostname>
<lines>0</lines>
<first_timestamp>null</first_timestamp>
<last_timestamp>null</last_timestamp>
<sampling_rows_first>-1</sampling_rows_first>
<sampling_rows_last>-1</sampling_rows_last>
<date_pattern>null</date_pattern>
<sample_size>-1</sample_size>
<use_df_only>false</use_df_only>
<keep_header_lines>0</keep_header_lines>
</file>
<file>
<file_name>/u02/app/oracle/diag/rdbms/prd_iad3vt/PRD2/trace/PRD2_tt00_64608_4789.trc</file_name>
<file_type>null</file_type>
<size>104857742</size>
<database>prd_iad3vt</database>
<cluster>null</cluster>
<instance>PRD2</instance>
<component>RDBMS</component>
<base_directory>/u02/app/oracle/diag/rdbms/prd_iad3vt/PRD2/trace</base_directory>
<last_modified>Wed Apr 14 15:12:07 UTC 2021</last_modified>
<hostname>aupp-hroradb-f9exx2</hostname>
<lines>0</lines>
<first_timestamp>null</first_timestamp>
<last_timestamp>null</last_timestamp>
<sampling_rows_first>-1</sampling_rows_first>
<sampling_rows_last>-1</sampling_rows_last>
<date_pattern>null</date_pattern>
<sample_size>-1</sample_size>
<use_df_only>false</use_df_only>
<keep_header_lines>0</keep_header_lines>
</file>
<file>
<file_name>/var/log/exadatatmp/_ExaWatcher_rds_ping_my_connects_stcennoc_ym_gnip_sdr_rehctaWaxE</file_name>
<file_type>null</file_type>
<size>1674302</size>
<database></database>
<cluster>null</cluster>
<instance></instance>
<component>OS</component>
<base_directory>/var/log</base_directory>
<last_modified>Wed Apr 14 15:11:47 UTC 2021</last_modified>
<hostname>aupp-hroradb-f9exx2</hostname>
<lines>0</lines>
<first_timestamp>null</first_timestamp>
<last_timestamp>null</last_timestamp>
<sampling_rows_first>-1</sampling_rows_first>
<sampling_rows_last>-1</sampling_rows_last>
<date_pattern>null</date_pattern>
<sample_size>-1</sample_size>
<use_df_only>false</use_df_only>
<keep_header_lines>0</keep_header_lines>
</file>
<file>
<file_name>/var/log/exadatatmp/cellirqbalance-interrupts.out</file_name>
<file_type>null</file_type>
<size>4802</size>
<database></database>
<cluster>null</cluster>
<instance></instance>
<component>OS</component>
<base_directory>/var/log</base_directory>
<last_modified>Wed Apr 14 15:12:46 UTC 2021</last_modified>
<hostname>aupp-hroradb-f9exx2</hostname>
<lines>0</lines>
<first_timestamp>null</first_timestamp>
<last_timestamp>null</last_timestamp>
<sampling_rows_first>-1</sampling_rows_first>
<sampling_rows_last>-1</sampling_rows_last>
<date_pattern>null</date_pattern>
<sample_size>-1</sample_size>
<use_df_only>false</use_df_only>
<keep_header_lines>0</keep_header_lines>
</file>
<file>
<file_name>/var/log/oracle/deploy/wls_gc34712.trc.0.current</file_name>
<file_type>null</file_type>
<size>41398</size>
<database></database>
<cluster>null</cluster>
<instance></instance>
<component>OS</component>
<base_directory>/var/log</base_directory>
<last_modified>Wed Apr 14 15:12:59 UTC 2021</last_modified>
<hostname>aupp-hroradb-f9exx2</hostname>
<lines>0</lines>
<first_timestamp>null</first_timestamp>
<last_timestamp>null</last_timestamp>
<sampling_rows_first>-1</sampling_rows_first>
<sampling_rows_last>-1</sampling_rows_last>
<date_pattern>null</date_pattern>
<sample_size>-1</sample_size>
<use_df_only>false</use_df_only>
<keep_header_lines>0</keep_header_lines>
</file>
<file>
<file_name>/var/log/oracle/diag/asm/dbserver/aupp-hroradb-f9exx2/trace/rstrc_34192_mmt.trc</file_name>
<file_type>null</file_type>
<size>391414</size>
<database></database>
<cluster>null</cluster>
<instance></instance>
<component>OS</component>
<base_directory>/var/log</base_directory>
<last_modified>Wed Apr 14 15:10:06 UTC 2021</last_modified>
<hostname>aupp-hroradb-f9exx2</hostname>
<lines>0</lines>
<first_timestamp>null</first_timestamp>
<last_timestamp>null</last_timestamp>
<sampling_rows_first>-1</sampling_rows_first>
<sampling_rows_last>-1</sampling_rows_last>
<date_pattern>null</date_pattern>
<sample_size>-1</sample_size>
<use_df_only>false</use_df_only>
<keep_header_lines>0</keep_header_lines>
</file>
<file>
<file_name>/var/log/uptrack.log</file_name>
<file_type>null</file_type>
<size>2156260</size>
<database></database>
<cluster>null</cluster>
<instance></instance>
<component>OS</component>
<base_directory>/var/log</base_directory>
<last_modified>Wed Apr 14 14:45:30 UTC 2021</last_modified>
<hostname>aupp-hroradb-f9exx2</hostname>
<lines>0</lines>
<first_timestamp>null</first_timestamp>
<last_timestamp>null</last_timestamp>
<sampling_rows_first>-1</sampling_rows_first>
<sampling_rows_last>-1</sampling_rows_last>
<date_pattern>null</date_pattern>
<sample_size>-1</sample_size>
<use_df_only>false</use_df_only>
<keep_header_lines>0</keep_header_lines>
</file>
</files>