<files>
<CRS_TZ>UTC</CRS_TZ>
<session_TZ>UTC</session_TZ>
<system_TZ>Coordinated Universal Time</system_TZ>
<file>
<file_name>/u01/app/grid/diag/crs/autp-hroradb-utzrk2/crs/trace/alert.log</file_name>
<file_type>CRS Alert Log</file_type>
<size>178406</size>
<database></database>
<cluster>null</cluster>
<instance></instance>
<component>CRS</component>
<base_directory>/u01/app/grid/diag/crs/autp-hroradb-utzrk2/crs/trace</base_directory>
<last_modified>Mon Apr 12 07:40:00 UTC 2021</last_modified>
<hostname>autp-hroradb-utzrk2</hostname>
<lines>1000</lines>
<first_timestamp>Tue Jun 30 16:22:46 UTC 2020</first_timestamp>
<last_timestamp>Mon Apr 12 07:40:00 UTC 2021</last_timestamp>
<sampling_rows_first>1</sampling_rows_first>
<sampling_rows_last>-1</sampling_rows_last>
<date_pattern>\d{4}-\d{2}-\d{2}\s\d{2}:\d{2}:\d{2}\.\d{3}</date_pattern>
<sample_size>-1</sample_size>
<use_df_only>false</use_df_only>
<keep_header_lines>0</keep_header_lines>
</file>
<file>
<file_name>/u01/app/grid/diag/crs/autp-hroradb-utzrk2/crs/trace/crsctl_376440.trc</file_name>
<file_type>CRSCTL (Client) Log</file_type>
<size>820</size>
<database></database>
<cluster>null</cluster>
<instance></instance>
<component>CRS</component>
<base_directory>/u01/app/grid/diag/crs/autp-hroradb-utzrk2/crs/trace</base_directory>
<last_modified>Mon Apr 12 16:01:52 UTC 2021</last_modified>
<hostname>autp-hroradb-utzrk2</hostname>
<lines>10</lines>
<first_timestamp>null</first_timestamp>
<last_timestamp>null</last_timestamp>
<sampling_rows_first>-1</sampling_rows_first>
<sampling_rows_last>-1</sampling_rows_last>
<date_pattern>null</date_pattern>
<sample_size>-1</sample_size>
<use_df_only>false</use_df_only>
<keep_header_lines>0</keep_header_lines>
</file>
<file>
<file_name>/u01/app/grid/diag/crs/autp-hroradb-utzrk2/crs/trace/crsctl_45416.trc</file_name>
<file_type>CRSCTL (Client) Log</file_type>
<size>819</size>
<database></database>
<cluster>null</cluster>
<instance></instance>
<component>CRS</component>
<base_directory>/u01/app/grid/diag/crs/autp-hroradb-utzrk2/crs/trace</base_directory>
<last_modified>Mon Apr 12 16:22:01 UTC 2021</last_modified>
<hostname>autp-hroradb-utzrk2</hostname>
<lines>10</lines>
<first_timestamp>null</first_timestamp>
<last_timestamp>null</last_timestamp>
<sampling_rows_first>-1</sampling_rows_first>
<sampling_rows_last>-1</sampling_rows_last>
<date_pattern>null</date_pattern>
<sample_size>-1</sample_size>
<use_df_only>false</use_df_only>
<keep_header_lines>0</keep_header_lines>
</file>
<file>
<file_name>/u01/app/grid/diag/crs/autp-hroradb-utzrk2/crs/trace/crsctl_91322.trc</file_name>
<file_type>CRSCTL (Client) Log</file_type>
<size>819</size>
<database></database>
<cluster>null</cluster>
<instance></instance>
<component>CRS</component>
<base_directory>/u01/app/grid/diag/crs/autp-hroradb-utzrk2/crs/trace</base_directory>
<last_modified>Mon Apr 12 16:38:24 UTC 2021</last_modified>
<hostname>autp-hroradb-utzrk2</hostname>
<lines>10</lines>
<first_timestamp>null</first_timestamp>
<last_timestamp>null</last_timestamp>
<sampling_rows_first>-1</sampling_rows_first>
<sampling_rows_last>-1</sampling_rows_last>
<date_pattern>null</date_pattern>
<sample_size>-1</sample_size>
<use_df_only>false</use_df_only>
<keep_header_lines>0</keep_header_lines>
</file>
<file>
<file_name>/u01/app/grid/diag/crs/autp-hroradb-utzrk2/crs/trace/crsd.trc</file_name>
<file_type>CRSD Log</file_type>
<size>22342982</size>
<database></database>
<cluster>null</cluster>
<instance></instance>
<component>CRS</component>
<base_directory>/u01/app/grid/diag/crs/autp-hroradb-utzrk2/crs/trace</base_directory>
<last_modified>Mon Apr 12 16:54:36 UTC 2021</last_modified>
<hostname>autp-hroradb-utzrk2</hostname>
<lines>1000</lines>
<first_timestamp>Sun Apr 11 06:28:41 UTC 2021</first_timestamp>
<last_timestamp>Mon Apr 12 16:54:36 UTC 2021</last_timestamp>
<sampling_rows_first>5</sampling_rows_first>
<sampling_rows_last>-1</sampling_rows_last>
<date_pattern>\d{4}-\d{2}-\d{2}\s\d{2}:\d{2}:\d{2}</date_pattern>
<sample_size>-1</sample_size>
<use_df_only>false</use_df_only>
<keep_header_lines>0</keep_header_lines>
</file>
<file>
<file_name>/u01/app/grid/diag/crs/autp-hroradb-utzrk2/crs/trace/crsd_oraagent_grid.trc</file_name>
<file_type>CRSD User Agent Log</file_type>
<size>16636642</size>
<database></database>
<cluster>null</cluster>
<instance></instance>
<component>CRS</component>
<base_directory>/u01/app/grid/diag/crs/autp-hroradb-utzrk2/crs/trace</base_directory>
<last_modified>Mon Apr 12 16:54:34 UTC 2021</last_modified>
<hostname>autp-hroradb-utzrk2</hostname>
<lines>1000</lines>
<first_timestamp>Sun Apr 11 15:15:07 UTC 2021</first_timestamp>
<last_timestamp>Mon Apr 12 16:54:34 UTC 2021</last_timestamp>
<sampling_rows_first>5</sampling_rows_first>
<sampling_rows_last>-1</sampling_rows_last>
<date_pattern>\d{4}-\d{2}-\d{2}\s\d{2}:\d{2}:\d{2}</date_pattern>
<sample_size>-1</sample_size>
<use_df_only>false</use_df_only>
<keep_header_lines>0</keep_header_lines>
</file>
<file>
<file_name>/u01/app/grid/diag/crs/autp-hroradb-utzrk2/crs/trace/crsd_oraagent_oracle.trc</file_name>
<file_type>CRSD User Agent Log</file_type>
<size>18071526</size>
<database></database>
<cluster>null</cluster>
<instance></instance>
<component>CRS</component>
<base_directory>/u01/app/grid/diag/crs/autp-hroradb-utzrk2/crs/trace</base_directory>
<last_modified>Mon Apr 12 16:54:36 UTC 2021</last_modified>
<hostname>autp-hroradb-utzrk2</hostname>
<lines>1000</lines>
<first_timestamp>Sun Apr 11 15:44:26 UTC 2021</first_timestamp>
<last_timestamp>Mon Apr 12 16:54:36 UTC 2021</last_timestamp>
<sampling_rows_first>5</sampling_rows_first>
<sampling_rows_last>-1</sampling_rows_last>
<date_pattern>\d{4}-\d{2}-\d{2}\s\d{2}:\d{2}:\d{2}</date_pattern>
<sample_size>-1</sample_size>
<use_df_only>false</use_df_only>
<keep_header_lines>0</keep_header_lines>
</file>
<file>
<file_name>/u01/app/grid/diag/crs/autp-hroradb-utzrk2/crs/trace/crsd_orarootagent_root.trc</file_name>
<file_type>CRSD Root Agent Log</file_type>
<size>1186033</size>
<database></database>
<cluster>null</cluster>
<instance></instance>
<component>CRS</component>
<base_directory>/u01/app/grid/diag/crs/autp-hroradb-utzrk2/crs/trace</base_directory>
<last_modified>Mon Apr 12 16:54:18 UTC 2021</last_modified>
<hostname>autp-hroradb-utzrk2</hostname>
<lines>1000</lines>
<first_timestamp>Fri Apr 09 21:18:47 UTC 2021</first_timestamp>
<last_timestamp>Mon Apr 12 16:54:18 UTC 2021</last_timestamp>
<sampling_rows_first>5</sampling_rows_first>
<sampling_rows_last>-1</sampling_rows_last>
<date_pattern>\d{4}-\d{2}-\d{2}\s\d{2}:\d{2}:\d{2}</date_pattern>
<sample_size>-1</sample_size>
<use_df_only>false</use_df_only>
<keep_header_lines>0</keep_header_lines>
</file>
<file>
<file_name>/u01/app/grid/diag/crs/autp-hroradb-utzrk2/crs/trace/diskmon.trc</file_name>
<file_type>DISKMON log</file_type>
<size>17505748</size>
<database></database>
<cluster>null</cluster>
<instance></instance>
<component>CRS</component>
<base_directory>/u01/app/grid/diag/crs/autp-hroradb-utzrk2/crs/trace</base_directory>
<last_modified>Mon Apr 12 16:54:32 UTC 2021</last_modified>
<hostname>autp-hroradb-utzrk2</hostname>
<lines>1000</lines>
<first_timestamp>Wed Apr 07 05:46:33 UTC 2021</first_timestamp>
<last_timestamp>Mon Apr 12 16:54:32 UTC 2021</last_timestamp>
<sampling_rows_first>5</sampling_rows_first>
<sampling_rows_last>-1</sampling_rows_last>
<date_pattern>\d{4}-\d{2}-\d{2}\s\d{2}:\d{2}:\d{2}\.\d{3}</date_pattern>
<sample_size>-1</sample_size>
<use_df_only>false</use_df_only>
<keep_header_lines>0</keep_header_lines>
</file>
<file>
<file_name>/u01/app/grid/diag/crs/autp-hroradb-utzrk2/crs/trace/evmd.trc</file_name>
<file_type>EVMD Log</file_type>
<size>2108758</size>
<database></database>
<cluster>null</cluster>
<instance></instance>
<component>CRS</component>
<base_directory>/u01/app/grid/diag/crs/autp-hroradb-utzrk2/crs/trace</base_directory>
<last_modified>Mon Apr 12 16:54:32 UTC 2021</last_modified>
<hostname>autp-hroradb-utzrk2</hostname>
<lines>1000</lines>
<first_timestamp>Sat Apr 10 14:59:52 UTC 2021</first_timestamp>
<last_timestamp>Mon Apr 12 16:54:32 UTC 2021</last_timestamp>
<sampling_rows_first>5</sampling_rows_first>
<sampling_rows_last>-1</sampling_rows_last>
<date_pattern>\d{4}-\d{2}-\d{2}\s\d{2}:\d{2}:\d{2}</date_pattern>
<sample_size>-1</sample_size>
<use_df_only>false</use_df_only>
<keep_header_lines>0</keep_header_lines>
</file>
<file>
<file_name>/u01/app/grid/diag/crs/autp-hroradb-utzrk2/crs/trace/gipcd.trc</file_name>
<file_type>GIPCD Log</file_type>
<size>4171186</size>
<database></database>
<cluster>null</cluster>
<instance></instance>
<component>CRS</component>
<base_directory>/u01/app/grid/diag/crs/autp-hroradb-utzrk2/crs/trace</base_directory>
<last_modified>Mon Apr 12 16:54:26 UTC 2021</last_modified>
<hostname>autp-hroradb-utzrk2</hostname>
<lines>1000</lines>
<first_timestamp>Mon Apr 12 07:29:57 UTC 2021</first_timestamp>
<last_timestamp>Mon Apr 12 16:54:26 UTC 2021</last_timestamp>
<sampling_rows_first>5</sampling_rows_first>
<sampling_rows_last>-1</sampling_rows_last>
<date_pattern>\d{4}-\d{2}-\d{2}\s\d{2}:\d{2}:\d{2}</date_pattern>
<sample_size>-1</sample_size>
<use_df_only>false</use_df_only>
<keep_header_lines>0</keep_header_lines>
</file>
<file>
<file_name>/u01/app/grid/diag/crs/autp-hroradb-utzrk2/crs/trace/gpnpd.trc</file_name>
<file_type>GPNPD Log</file_type>
<size>24852068</size>
<database></database>
<cluster>null</cluster>
<instance></instance>
<component>CRS</component>
<base_directory>/u01/app/grid/diag/crs/autp-hroradb-utzrk2/crs/trace</base_directory>
<last_modified>Mon Apr 12 16:54:17 UTC 2021</last_modified>
<hostname>autp-hroradb-utzrk2</hostname>
<lines>1000</lines>
<first_timestamp>Tue Feb 09 07:07:28 UTC 2021</first_timestamp>
<last_timestamp>Mon Apr 12 16:54:17 UTC 2021</last_timestamp>
<sampling_rows_first>5</sampling_rows_first>
<sampling_rows_last>-1</sampling_rows_last>
<date_pattern>\d{4}-\d{2}-\d{2}\s\d{2}:\d{2}:\d{2}</date_pattern>
<sample_size>-1</sample_size>
<use_df_only>false</use_df_only>
<keep_header_lines>0</keep_header_lines>
</file>
<file>
<file_name>/u01/app/grid/diag/crs/autp-hroradb-utzrk2/crs/trace/ocssd.trc</file_name>
<file_type>CSS (ocssd) Log</file_type>
<size>9075524</size>
<database></database>
<cluster>null</cluster>
<instance></instance>
<component>CRS</component>
<base_directory>/u01/app/grid/diag/crs/autp-hroradb-utzrk2/crs/trace</base_directory>
<last_modified>Mon Apr 12 16:54:37 UTC 2021</last_modified>
<hostname>autp-hroradb-utzrk2</hostname>
<lines>1000</lines>
<first_timestamp>Mon Apr 12 14:11:58 UTC 2021</first_timestamp>
<last_timestamp>Mon Apr 12 16:54:37 UTC 2021</last_timestamp>
<sampling_rows_first>5</sampling_rows_first>
<sampling_rows_last>-1</sampling_rows_last>
<date_pattern>\d{4}-\d{2}-\d{2}\s\d{2}:\d{2}:\d{2}</date_pattern>
<sample_size>-1</sample_size>
<use_df_only>false</use_df_only>
<keep_header_lines>0</keep_header_lines>
</file>
<file>
<file_name>/u01/app/grid/diag/crs/autp-hroradb-utzrk2/crs/trace/octssd.trc</file_name>
<file_type>CTSSD Log</file_type>
<size>24402704</size>
<database></database>
<cluster>null</cluster>
<instance></instance>
<component>CRS</component>
<base_directory>/u01/app/grid/diag/crs/autp-hroradb-utzrk2/crs/trace</base_directory>
<last_modified>Mon Apr 12 16:54:34 UTC 2021</last_modified>
<hostname>autp-hroradb-utzrk2</hostname>
<lines>1000</lines>
<first_timestamp>Sat Apr 10 23:09:10 UTC 2021</first_timestamp>
<last_timestamp>Mon Apr 12 16:54:34 UTC 2021</last_timestamp>
<sampling_rows_first>5</sampling_rows_first>
<sampling_rows_last>-1</sampling_rows_last>
<date_pattern>\d{4}-\d{2}-\d{2}\s\d{2}:\d{2}:\d{2}</date_pattern>
<sample_size>-1</sample_size>
<use_df_only>false</use_df_only>
<keep_header_lines>0</keep_header_lines>
</file>
<file>
<file_name>/u01/app/grid/diag/crs/autp-hroradb-utzrk2/crs/trace/ohasd.trc</file_name>
<file_type>OHASD Log</file_type>
<size>2961023</size>
<database></database>
<cluster>null</cluster>
<instance></instance>
<component>CRS</component>
<base_directory>/u01/app/grid/diag/crs/autp-hroradb-utzrk2/crs/trace</base_directory>
<last_modified>Mon Apr 12 16:54:33 UTC 2021</last_modified>
<hostname>autp-hroradb-utzrk2</hostname>
<lines>1000</lines>
<first_timestamp>Mon Apr 12 06:32:23 UTC 2021</first_timestamp>
<last_timestamp>Mon Apr 12 16:54:33 UTC 2021</last_timestamp>
<sampling_rows_first>5</sampling_rows_first>
<sampling_rows_last>-1</sampling_rows_last>
<date_pattern>\d{4}-\d{2}-\d{2}\s\d{2}:\d{2}:\d{2}</date_pattern>
<sample_size>-1</sample_size>
<use_df_only>false</use_df_only>
<keep_header_lines>0</keep_header_lines>
</file>
<file>
<file_name>/u01/app/grid/diag/crs/autp-hroradb-utzrk2/crs/trace/ohasd_cssdagent_root.trc</file_name>
<file_type>CSSD Agent Log (OHASD)</file_type>
<size>5302825</size>
<database></database>
<cluster>null</cluster>
<instance></instance>
<component>CRS</component>
<base_directory>/u01/app/grid/diag/crs/autp-hroradb-utzrk2/crs/trace</base_directory>
<last_modified>Mon Apr 12 16:54:05 UTC 2021</last_modified>
<hostname>autp-hroradb-utzrk2</hostname>
<lines>1000</lines>
<first_timestamp>Sun Apr 04 03:47:02 UTC 2021</first_timestamp>
<last_timestamp>Mon Apr 12 16:54:05 UTC 2021</last_timestamp>
<sampling_rows_first>5</sampling_rows_first>
<sampling_rows_last>-1</sampling_rows_last>
<date_pattern>\d{4}-\d{2}-\d{2}\s\d{2}:\d{2}:\d{2}</date_pattern>
<sample_size>-1</sample_size>
<use_df_only>false</use_df_only>
<keep_header_lines>0</keep_header_lines>
</file>
<file>
<file_name>/u01/app/grid/diag/crs/autp-hroradb-utzrk2/crs/trace/ohasd_cssdmonitor_root.trc</file_name>
<file_type>CSSD Monitor Log (OHASD)</file_type>
<size>3405016</size>
<database></database>
<cluster>null</cluster>
<instance></instance>
<component>CRS</component>
<base_directory>/u01/app/grid/diag/crs/autp-hroradb-utzrk2/crs/trace</base_directory>
<last_modified>Mon Apr 12 16:53:52 UTC 2021</last_modified>
<hostname>autp-hroradb-utzrk2</hostname>
<lines>1000</lines>
<first_timestamp>Wed Apr 07 06:06:20 UTC 2021</first_timestamp>
<last_timestamp>Mon Apr 12 16:53:52 UTC 2021</last_timestamp>
<sampling_rows_first>5</sampling_rows_first>
<sampling_rows_last>-1</sampling_rows_last>
<date_pattern>\d{4}-\d{2}-\d{2}\s\d{2}:\d{2}:\d{2}</date_pattern>
<sample_size>-1</sample_size>
<use_df_only>false</use_df_only>
<keep_header_lines>0</keep_header_lines>
</file>
<file>
<file_name>/u01/app/grid/diag/crs/autp-hroradb-utzrk2/crs/trace/ohasd_oraagent_grid.trc</file_name>
<file_type>OHASD User Agent Log</file_type>
<size>20194202</size>
<database></database>
<cluster>null</cluster>
<instance></instance>
<component>CRS</component>
<base_directory>/u01/app/grid/diag/crs/autp-hroradb-utzrk2/crs/trace</base_directory>
<last_modified>Mon Apr 12 16:54:35 UTC 2021</last_modified>
<hostname>autp-hroradb-utzrk2</hostname>
<lines>1000</lines>
<first_timestamp>Mon Apr 12 06:54:46 UTC 2021</first_timestamp>
<last_timestamp>Mon Apr 12 16:54:35 UTC 2021</last_timestamp>
<sampling_rows_first>5</sampling_rows_first>
<sampling_rows_last>-1</sampling_rows_last>
<date_pattern>\d{4}-\d{2}-\d{2}\s\d{2}:\d{2}:\d{2}</date_pattern>
<sample_size>-1</sample_size>
<use_df_only>false</use_df_only>
<keep_header_lines>0</keep_header_lines>
</file>
<file>
<file_name>/u01/app/grid/diag/crs/autp-hroradb-utzrk2/crs/trace/ohasd_orarootagent_root.trc</file_name>
<file_type>OHASD Root Agent Log</file_type>
<size>11467460</size>
<database></database>
<cluster>null</cluster>
<instance></instance>
<component>CRS</component>
<base_directory>/u01/app/grid/diag/crs/autp-hroradb-utzrk2/crs/trace</base_directory>
<last_modified>Mon Apr 12 16:54:32 UTC 2021</last_modified>
<hostname>autp-hroradb-utzrk2</hostname>
<lines>1000</lines>
<first_timestamp>Mon Apr 12 02:48:40 UTC 2021</first_timestamp>
<last_timestamp>Mon Apr 12 16:54:32 UTC 2021</last_timestamp>
<sampling_rows_first>5</sampling_rows_first>
<sampling_rows_last>-1</sampling_rows_last>
<date_pattern>\d{4}-\d{2}-\d{2}\s\d{2}:\d{2}:\d{2}</date_pattern>
<sample_size>-1</sample_size>
<use_df_only>false</use_df_only>
<keep_header_lines>0</keep_header_lines>
</file>
<file>
<file_name>/u01/app/grid/crsdata/autp-hroradb-utzrk2/crf/db/json/jsondump.log</file_name>
<file_type>null</file_type>
<size>4378551</size>
<database></database>
<cluster>null</cluster>
<instance></instance>
<component>CRS</component>
<base_directory>/u01/app/grid/crsdata/autp-hroradb-utzrk2/crf</base_directory>
<last_modified>Mon Apr 12 16:54:11 UTC 2021</last_modified>
<hostname>autp-hroradb-utzrk2</hostname>
<lines>0</lines>
<first_timestamp>null</first_timestamp>
<last_timestamp>null</last_timestamp>
<sampling_rows_first>-1</sampling_rows_first>
<sampling_rows_last>-1</sampling_rows_last>
<date_pattern>null</date_pattern>
<sample_size>-1</sample_size>
<use_df_only>false</use_df_only>
<keep_header_lines>0</keep_header_lines>
</file>
<file>
<file_name>/u01/app/grid/crsdata/autp-hroradb-utzrk2/crf/db/proc/procdump.log</file_name>
<file_type>null</file_type>
<size>5864686</size>
<database></database>
<cluster>null</cluster>
<instance></instance>
<component>CRS</component>
<base_directory>/u01/app/grid/crsdata/autp-hroradb-utzrk2/crf</base_directory>
<last_modified>Mon Apr 12 16:54:30 UTC 2021</last_modified>
<hostname>autp-hroradb-utzrk2</hostname>
<lines>0</lines>
<first_timestamp>null</first_timestamp>
<last_timestamp>null</last_timestamp>
<sampling_rows_first>-1</sampling_rows_first>
<sampling_rows_last>-1</sampling_rows_last>
<date_pattern>null</date_pattern>
<sample_size>-1</sample_size>
<use_df_only>false</use_df_only>
<keep_header_lines>0</keep_header_lines>
</file>
<file>
<file_name>/u01/app/grid/diag/crs/autp-hroradb-utzrk2/crs/trace/osysmond.trc</file_name>
<file_type>null</file_type>
<size>11751173</size>
<database></database>
<cluster>null</cluster>
<instance></instance>
<component>CRS</component>
<base_directory>/u01/app/grid/diag/crs/autp-hroradb-utzrk2/crs/trace</base_directory>
<last_modified>Mon Apr 12 16:54:35 UTC 2021</last_modified>
<hostname>autp-hroradb-utzrk2</hostname>
<lines>0</lines>
<first_timestamp>null</first_timestamp>
<last_timestamp>null</last_timestamp>
<sampling_rows_first>-1</sampling_rows_first>
<sampling_rows_last>-1</sampling_rows_last>
<date_pattern>null</date_pattern>
<sample_size>-1</sample_size>
<use_df_only>false</use_df_only>
<keep_header_lines>0</keep_header_lines>
</file>
<file>
<file_name>/var/log/exadatatmp/_ExaWatcher_rds_ping_my_connects_stcennoc_ym_gnip_sdr_rehctaWaxE</file_name>
<file_type>null</file_type>
<size>16288849</size>
<database></database>
<cluster>null</cluster>
<instance></instance>
<component>OS</component>
<base_directory>/var/log</base_directory>
<last_modified>Mon Apr 12 16:46:55 UTC 2021</last_modified>
<hostname>autp-hroradb-utzrk2</hostname>
<lines>0</lines>
<first_timestamp>null</first_timestamp>
<last_timestamp>null</last_timestamp>
<sampling_rows_first>-1</sampling_rows_first>
<sampling_rows_last>-1</sampling_rows_last>
<date_pattern>null</date_pattern>
<sample_size>-1</sample_size>
<use_df_only>false</use_df_only>
<keep_header_lines>0</keep_header_lines>
</file>
<file>
<file_name>/var/log/exadatatmp/cellirqbalance-interrupts.out</file_name>
<file_type>null</file_type>
<size>7602</size>
<database></database>
<cluster>null</cluster>
<instance></instance>
<component>OS</component>
<base_directory>/var/log</base_directory>
<last_modified>Mon Apr 12 16:55:05 UTC 2021</last_modified>
<hostname>autp-hroradb-utzrk2</hostname>
<lines>0</lines>
<first_timestamp>null</first_timestamp>
<last_timestamp>null</last_timestamp>
<sampling_rows_first>-1</sampling_rows_first>
<sampling_rows_last>-1</sampling_rows_last>
<date_pattern>null</date_pattern>
<sample_size>-1</sample_size>
<use_df_only>false</use_df_only>
<keep_header_lines>0</keep_header_lines>
</file>
<file>
<file_name>/var/log/oracle/deploy/wls_gc35506.trc.3.current</file_name>
<file_type>null</file_type>
<size>27510</size>
<database></database>
<cluster>null</cluster>
<instance></instance>
<component>OS</component>
<base_directory>/var/log</base_directory>
<last_modified>Mon Apr 12 16:54:38 UTC 2021</last_modified>
<hostname>autp-hroradb-utzrk2</hostname>
<lines>0</lines>
<first_timestamp>null</first_timestamp>
<last_timestamp>null</last_timestamp>
<sampling_rows_first>-1</sampling_rows_first>
<sampling_rows_last>-1</sampling_rows_last>
<date_pattern>null</date_pattern>
<sample_size>-1</sample_size>
<use_df_only>false</use_df_only>
<keep_header_lines>0</keep_header_lines>
</file>
<file>
<file_name>/var/log/oracle/diag/asm/dbserver/autp-hroradb-utzrk2/trace/rstrc_34957_mmt.trc</file_name>
<file_type>null</file_type>
<size>366118</size>
<database></database>
<cluster>null</cluster>
<instance></instance>
<component>OS</component>
<base_directory>/var/log</base_directory>
<last_modified>Mon Apr 12 16:54:25 UTC 2021</last_modified>
<hostname>autp-hroradb-utzrk2</hostname>
<lines>0</lines>
<first_timestamp>null</first_timestamp>
<last_timestamp>null</last_timestamp>
<sampling_rows_first>-1</sampling_rows_first>
<sampling_rows_last>-1</sampling_rows_last>
<date_pattern>null</date_pattern>
<sample_size>-1</sample_size>
<use_df_only>false</use_df_only>
<keep_header_lines>0</keep_header_lines>
</file>
<file>
<file_name>/var/log/uptrack.log</file_name>
<file_type>null</file_type>
<size>1415182</size>
<database></database>
<cluster>null</cluster>
<instance></instance>
<component>OS</component>
<base_directory>/var/log</base_directory>
<last_modified>Mon Apr 12 16:43:35 UTC 2021</last_modified>
<hostname>autp-hroradb-utzrk2</hostname>
<lines>0</lines>
<first_timestamp>null</first_timestamp>
<last_timestamp>null</last_timestamp>
<sampling_rows_first>-1</sampling_rows_first>
<sampling_rows_last>-1</sampling_rows_last>
<date_pattern>null</date_pattern>
<sample_size>-1</sample_size>
<use_df_only>false</use_df_only>
<keep_header_lines>0</keep_header_lines>
</file>
</files>